Embedding,Leiden NMI,Leiden ARI,KBET,Batch correction,Bio conservation,Total
scVI_beta=0,0.7540217557311055,0.5910567007037087,0.3205669416858192,0.3205669416858192,0.6725392282174072,0.531750313604772
scVI_beta=1,0.7613708648707576,0.6018302826679383,0.35692554784598535,0.35692554784598535,0.6816005737693479,0.5517305634000028
scVI_beta=5,0.7059559298125258,0.548596758398512,0.42626055510491884,0.42626055510491884,0.6272763441055189,0.5468700285052789
scVI_beta=10,0.6795251975268001,0.5073416067789743,0.4536271120617126,0.4536271120617126,0.5934334021528872,0.5375108861164173
scVI_beta=20,0.6433861556955505,0.412353797288954,0.4283196576360158,0.4283196576360158,0.5278699764922522,0.48804984894975767
scVI_beta=50,0.5133736619443783,0.2767818985489988,0.40455442968140526,0.40455442968140526,0.39507778024668855,0.3988684400205752
Metric Type,Bio conservation,Bio conservation,Batch correction,Aggregate score,Aggregate score,Aggregate score
