Embedding,Leiden NMI,Leiden ARI,KMeans NMI,KMeans ARI,Silhouette label,Silhouette batch,KBET,Batch correction,Bio conservation,Total
scVI_k=2,0.7841210620706524,0.6502234191748535,0.7373486114528933,0.5294853592344301,0.6077667996287346,0.8311211,0.28139208352909806,0.556256585301689,0.6617890503123128,0.6195760643080632
scVI_k=5,0.7752628814052938,0.614129504057097,0.7033902191601499,0.43873824246513704,0.6065380871295929,0.8187714,0.3422170919296834,0.5804942569195078,0.6276117868434541,0.6087647748738756
scVI_k=10,0.7857165213583147,0.6424714434735331,0.7500607341846467,0.5445118192917104,0.6505234241485596,0.81705,0.3596210555459149,0.5883355178547446,0.6746567884913529,0.6401282802367096
scVI_k=50,0.7938985091284054,0.6261342908639678,0.7545906776082681,0.545109899828395,0.6432052850723267,0.8073598,0.3950740586113056,0.6012169366275828,0.6725877325002726,0.6440394141511967
scVI_k=100,0.79058172299779,0.6184673156327698,0.7540421875841288,0.5455255150759218,0.6351383775472641,0.8118364,0.3979566249782406,0.604896523233978,0.6687510237675749,0.6432092235541361
scVI_k=200,0.7685852901909273,0.6136382574882354,0.7496134084400458,0.5457996382614839,0.6432307660579681,0.8051359,0.36594666370742873,0.585541284725037,0.6641734720877321,0.632720597142654
scVI_k=500,0.7803347243190181,0.6098480627977663,0.7349491371114053,0.5248354687703716,0.6350469887256622,0.8131938,0.3905645475221715,0.6018791727936785,0.6570028763448447,0.6349533949243782
Metric Type,Bio conservation,Bio conservation,Bio conservation,Bio conservation,Bio conservation,Batch correction,Batch correction,Aggregate score,Aggregate score,Aggregate score
