Embedding,Leiden NMI,Leiden ARI,KMeans NMI,KMeans ARI,Silhouette label,Silhouette batch,KBET,Batch correction,Bio conservation,Total
scVI_k=2,0.6421881332227203,0.44997461797780364,0.5810171625372359,0.3834074228889802,0.5560016892850399,0.8398196,0.40335262263401966,0.6215861163764428,0.522517805182356,0.5621451296599907
scVI_k=5,0.6850093932952604,0.5192241254868615,0.5911677896670651,0.4179283178206962,0.5763140693306923,0.84547746,0.39577644126936296,0.6206269515421217,0.5579287391201151,0.5830080240889177
scVI_k=10,0.6565479849636225,0.5263805306323084,0.6181079354572154,0.4483330409867669,0.5691159963607788,0.805526,0.46314189213100343,0.6343339551368519,0.5636970976801383,0.5919518406628237
scVI_k=50,0.6756192641376175,0.49500996005550385,0.620439021046129,0.44919540595764895,0.5859316885471344,0.7987921,0.48464411658277096,0.6417181201886633,0.5652390679488067,0.5958306888447493
scVI_k=100,0.6834981995435373,0.5361348190881033,0.6418601816056094,0.505327623160672,0.604993648827076,0.7958548,0.49710893083569657,0.6464818688678605,0.5943628944449996,0.6152104842141439
scVI_k=200,0.6957622052295469,0.5680091274198155,0.6429956348770368,0.5067457558138627,0.5991063490509987,0.8019065,0.48540709865977427,0.6436568123742444,0.6025238144782521,0.618977013636649
scVI_k=500,0.6823608738848339,0.5370614484712062,0.6524016011991867,0.46333854818723813,0.6073884516954422,0.80270594,0.49600407188385087,0.6493550077341466,0.5885101846875814,0.6128481139062074
Metric Type,Bio conservation,Bio conservation,Bio conservation,Bio conservation,Bio conservation,Batch correction,Batch correction,Aggregate score,Aggregate score,Aggregate score
